<?xml version="1.0" encoding="UTF-8"?>
<!DOCTYPE mapper
 PUBLIC "-//mybatis.org//DTD Mapper 3.0//EN"
 "https://mybatis.org/dtd/mybatis-3-mapper.dtd">
<mapper namespace="memberSQL">
	<!-- 로그인 -->
	<select id="login" parameterType="java.util.Map" resultType="member.bean.MemberDTO">
		select * from member where id=#{id} and pwd=#{pwd}
	</select>
	
	<!-- 아이디 중복 체크 -->
	<select id="isExistId" parameterType="String" resultType="member">
		select * from member where id=#{id}
	</select>
	
	<!-- 회원가입 -->
	<insert id="write" parameterType="member">
		insert into member values(#{name}
								, #{id}
								, #{pwd}
								, #{gender}
								, #{email1}
								, #{email2}
								, #{tel1}
								, #{tel2}
								, #{tel3}
								, #{zipcode}
								, #{addr1}
								, #{addr2}
								, sysdate)
	</insert>
	
	<!-- 1사람의 정보를 가져오기 -->
	<select id="getMember" parameterType="String" resultType="member">
		select * from member where id=#{id}
	</select>
	
	<!-- 회원정보수정 -->
	<update id="update" parameterType="member">
		update member set name=#{name}
						, pwd=#{pwd}
						, gender=#{gender}
						, email1=#{email1}
						, email2=#{email2}
						, tel1=#{tel1}
						, tel2=#{tel2}
						, tel3=#{tel3}
						, zipcode=#{zipcode}
						, addr1=#{addr1}
						, addr2=#{addr2}
				where id=#{id}
	</update>
	
</mapper>











